AllianceValdotaine	Web	https://alliancevaldotaine.org/	2022-08-28 03:06:45.169529	1	https://alliancevaldotaine.org/
AncoraItalia	Web	https://www.ancoraitalia.it/	2022-08-28 03:07:13.016317	1	https://www.ancoraitalia.it/rinnovo-tesseramento/
ArticoloUno	Web	https://articolo1mdp.it/	2022-08-28 03:07:35.038043	1	https://articolo1mdp.it/
AutonomiaResponsabile	Web	https://www.autonomiaresponsabilefvg.it/	2022-08-28 03:07:52.401607	1	https://www.autonomiaresponsabilefvg.it/
Azione	Web	https://www.azione.it/	2022-08-28 03:08:09.973312	1	https://www.azione.it/
Cambiamo	Web	https://cambiamo.eu/	2022-08-28 03:08:25.858945	1	https://cambiamo.eu/
CentroDemocratico	Web	https://www.ilcentrodemocratico.it/	2022-08-28 03:08:44.237686	1	https://www.ilcentrodemocratico.it/
CoraggioItalia	Web	https://www.coraggioitalia.it/	2022-08-28 03:09:02.407025	1	https://www.coraggioitalia.it/
DestraLiberaleItaliana	Web	https://www.destraliberale.it/	2022-08-28 03:09:20.745782	1	https://www.destraliberale.it/
DestreUnite	Web	https://nuovaitaliaunita.it/	2022-08-28 03:09:32.057495	1	https://nuovaitaliaunita.it/
EuropaVerde	Web	https://europaverde.it/	2022-08-28 03:09:49.035905	1	https://europaverde.it/
+Europa	Web	https://www.piueuropa.eu/	2022-08-28 03:10:04.989387	1	https://www.piueuropa.eu/
Europeisti	Web	http://europeisti.org/	2022-08-28 03:10:22.833951	1	https://europeisti.org/
Fassa	Web	http://www.forzafassa.it/	2022-08-28 03:10:31.010348	1	http://www.forzafassa.it/
ForzaDelPopolo	Web	https://www.forzadelpopolo.org/	2022-08-28 03:10:41.216700	1	https://www.forzadelpopolo.org/
ForzaItalia	Web	http://www.forzaitalia.it/	2022-08-28 03:10:56.592460	1	http://www.forzaitalia.it/
ForzaNuova	Web	http://www.forzanuova.eu/	2022-08-28 03:11:04.133917	1	http://www.forzanuova.eu/
FratelliDItalia	Web	https://www.fratelli-italia.it/	2022-08-28 03:11:24.139466	1	https://www.fratelli-italia.it/
FREE	Web	https://www.freetalia.it/	2022-08-28 03:11:34.658574	1	https://www.freetalia.it/
GreenItalia	Web	https://greenitalia.org/	2022-08-28 03:11:50.986287	1	https://greenitalia.org/
IdentitàEAzione	Web	http://www.movimentoidea.it/	2022-08-28 03:12:05.925597	1	http://www.movimentoidea.it/
InsiemePer	Web	https://www.insieme-per.it/	2022-08-28 03:12:22.557102	1	https://www.insieme-per.it/
Italexit	Web	https://italexitperlitalia.it/	2022-08-28 03:12:38.408506	1	https://italexitperlitalia.it/
ItaliaDeiDiritti	Web	https://italiadeidiritti.italymedia.it/	2022-08-28 03:12:48.793404	1	https://italiadeidiritti.italymedia.it/
ItaliaDeiValori	Web	https://www.italiadeivalori.it/	2022-08-28 03:12:57.593608	1	https://www.italiadeivalori.it/
ItaliaDelMeridione	Web	http://www.italiadelmeridione.it/	2022-08-28 03:13:09.916638	1	http://www.italiadelmeridione.it/
ItaliaViva	Web	https://www.italiaviva.it/	2022-08-28 03:13:32.244513	1	https://www.italiaviva.it/
LaPugliaInPiù	Web	https://www.lapugliainpiu.it/	2022-08-28 03:13:40.537030	1	https://www.lapugliainpiu.it/
Lega	Web	https://legaonline.it/	2022-08-28 03:13:57.482144	1	https://legaonline.it/
Movimento5Stelle	Web	https://www.movimento5stelle.eu/	2022-08-28 03:14:15.759698	1	https://www.movimento5stelle.eu/
MovimentoAnimalista	Web	https://movimentoanimalista.it/	2022-08-28 03:14:36.654189	1	https://movimentoanimalista.it/
MovimentoAssociativoItalianiAllEstero	Web	https://maiemondiale.com/	2022-08-28 03:14:57.447354	1	https://maiemondiale.com/
MovimentoDelleLiberta	Web	https://movimentodelleliberta.eu/	2022-08-28 03:15:27.800869	1	https://movimentodelleliberta.eu/
MovimentoStellaAlpina	Web	https://www.stella-alpina.org/	2022-08-28 03:15:49.093724	1	https://www.stella-alpina.org/
NoiConLItalia	Web	https://www.noiconlitalia.it/	2022-08-28 03:16:10.672575	1	https://www.noiconlitalia.it/
NoiDiCentro	Web	https://noidicentro.org/	2022-08-28 03:16:30.947517	1	https://noidicentro.org/
NuovoPSI	Web	https://www.liberalsocialistinpsi.it/	2022-08-28 03:16:49.736349	1	https://www.liberalsocialistinpsi.it/
PartitoComunistaDeiLavoratori	Web	https://www.pclavoratori.it/	2022-08-28 03:16:58.437019	1	https://www.pclavoratori.it/files/index.php?obj=SEZ&oid=1
PartitoComunistaItaliano	Web	https://www.ilpartitocomunistaitaliano.it/	2022-08-28 03:17:16.973660	1	https://www.ilpartitocomunistaitaliano.it/
PartitoComunista	Web	https://ilpartitocomunista.it/	2022-08-28 03:17:37.583126	1	https://ilpartitocomunista.it/
PartitoDemocratico	Web	https://www.partitodemocratico.it/	2022-08-28 03:17:45.253909	1	https://www.partitodemocratico.it/
PartitoPensionati	Web	http://www.partitopensionati.it/	2022-08-28 03:18:07.617780	1	http://www.partitopensionati.it/
PartitoPirata	Web	https://www.partito-pirata.it/	2022-08-28 03:18:20.971421	1	https://www.partito-pirata.it/
PartitoSardoDAzione	Web	http://www.psdaz.net/	2022-08-28 03:18:36.653311	1	http://www.psdaz.net/
PartitoSocialistaItaliano	Web	https://www.partitosocialista.it/	2022-08-28 03:19:04.562050	1	https://www.partitosocialista.it/
PartitoUnioneCattolica	Web	https://partitounionecattolica.it/	2022-08-28 03:19:28.491580	1	https://partitounionecattolica.it/
PatriaECostituzione	Web	https://www.patriaecostituzione.it/home/	2022-08-28 03:19:49.201871	1	https://www.patriaecostituzione.it/home/
PotereAlPopolo	Web	https://poterealpopolo.org/	2022-08-28 03:19:58.497586	1	https://poterealpopolo.org/
PPA	Web	https://www.ppa-pensieroazione.com/	2022-08-28 03:20:16.811095	1	https://www.ppa-pensieroazione.com/
R2020	Web	https://r2020.info/	2022-08-28 03:20:37.457472	1	https://r2020.info/
ReferendumEDemocrazia	Web	https://listareferendumedemocrazia.it/	2022-08-28 03:20:56.511872	1	https://listareferendumedemocrazia.it/
Rifondazione	Web	http://www.rifondazione.it/	2022-08-28 03:21:12.179017	1	http://www.rifondazione.it/primapagina/
Rinascimento	Web	https://www.rinascimentosgarbi.org/	2022-08-28 03:21:23.716772	1	https://www.rinascimentosgarbi.org/
SinistraItaliana	Web	https://www.sinistraitaliana.si/	2022-08-28 03:21:42.020526	1	https://www.sinistraitaliana.si/
SudChiamaNord	Web	https://www.sud-chiamanord.it/	2022-08-28 03:22:07.333457	1	https://www.sud-chiamanord.it/
SudtirolerVolkspartei	Web	https://www.svp.eu/	2022-08-28 03:22:25.561335	1	https://www.svp.eu/de/wilkommen-bei-uns-1.html
UnioneDiCentro	Web	https://www.udc-italia.it/	2022-08-28 03:22:38.115900	1	https://www.udc-italia.it/
UnionePopolare	Web	https://unionepopolare.blog/	2022-08-28 03:22:54.045442	1	https://unionepopolare.blog/
UnioneSudamericanaEmigratiItaliani	Web	https://www.usei-it.org/it/	2022-08-28 03:23:12.913883	1	https://www.usei-it.org/it/
UnionValdotaine	Web	https://www.unionvaldotaine.org/	2022-08-28 03:23:32.591126	1	https://www.unionvaldotaine.org/
VerdeEPopolare	Web	https://www.verdeepopolare.it/	2022-08-28 03:23:53.506681	1	https://www.verdeepopolare.it/
VerdiESinistra	Web	https://verdisinistra.it	2022-08-28 03:24:11.922241	1	https://verdisinistra.it/
Vita	Web	https://www.votalavita.it/	2022-08-28 03:24:30.800762	1	https://www.votalavita.it/
