AllianceValdotaine	Web	https://alliancevaldotaine.org/	2022-08-28 03:06:45.169529	1	
AncoraItalia	Web	https://www.ancoraitalia.it/	2022-08-28 03:07:13.016317	1	<Accetta> Gestisci Consenso Cookie Usiamo cookie per ottimizzare il nostro sito web ed i nostri servizi. Accetta Nega Preferenze
ArticoloUno	Web	https://articolo1mdp.it/	2022-08-28 03:07:35.038043	1	<Accetta> × Informativa  Noi e terze parti selezionate utilizziamo cookie o tecnologie simili per finalità tecniche e, con il tuo consenso, anche per “miglioramento dell'esperienza”, “misurazione” e “targeting e pubblicità” come specificato nella cookie policy. Il rifiuto del consenso può rendere non disponibili le relative funzioni.  Puoi liberamente prestare, rifiutare o revocare il tuo consenso, in qualsiasi momento.  Usa il pulsante “Accetta” per acconsentire all'utilizzo di tali tecnologie. Usa il pulsante “Rifiuta” o chiudi questa informativa per continuare senza accettare.  Scopri di più e personalizza Rifiuta Accetta
AutonomiaResponsabile	Web	https://www.autonomiaresponsabilefvg.it/	2022-08-28 03:07:52.401607	1	<Ok> Questo sito utilizza dei cookie per monitorare e personalizzare l'esperienza di navigazione degli utenti. Continuando a navigare si autorizza l'utilizzo dei cookie su questo sito. OkLeggi di più
Azione	Web	https://www.azione.it/	2022-08-28 03:08:09.973312	1	<Accetta tutti i cookie> Questo sito web utilizza i cookie Utilizziamo i cookie per personalizzare contenuti ed annunci, per fornire funzionalità dei social media e per analizzare il nostro traffico. Condividiamo inoltre informazioni sul modo in cui utilizza il nostro sito con i nostri partner che si occupano di analisi dei dati web, pubblicità e social media, i quali potrebbero combinarle con altre informazioni che ha fornito loro o che hanno raccolto dal suo utilizzo dei loro servizi. Usa solo i cookie necessariAccetta selezionatiAccetta tutti i cookie Necessari Preferenze Statistiche Marketing Mostra dettagli
Cambiamo	Web	https://cambiamo.eu/	2022-08-28 03:08:25.858945	1	<Accetto> Questo sito tratta dati personali (p.es. dati di navigazione, indirizzi IP) e fa uso di cookie o altri identificatori necessari per il funzionamento e per il raggiungimento delle finalità descritte nella cookie policy. Dichiari di accettare l’utilizzo di cookie o altri identificatori chiudendo o nascondendo questa informativa, proseguendo la navigazione di questa pagina, cliccando un link o un pulsante o continuando a navigare in altro modo. AccettoNoLeggi di più
CentroDemocratico	Web	https://www.ilcentrodemocratico.it/	2022-08-28 03:08:44.237686	1	<Ok> Il sito consente l’installazione di cookie di terze parti anche profilanti. Cliccando su OK o continuando la navigazione, l’utente accetta l’utilizzo dei cookie di terze parti. OkNoLeggi "Condizioni di utilizzo - Privacy - Cookie Policy"
CoraggioItalia	Web	https://www.coraggioitalia.it/	2022-08-28 03:09:02.407025	1	<Accetta> Questo sito web utilizza i cookie Su questo sito web utilizziamo cookie ed altre tecnologie simili per ottimizzarne le funzionalità. Cliccando su “Accetta”, acconsenti all’utilizzo di tutti i cookie, anche di terze parti, che utilizziamo per personalizzare la navigazione, analizzare a fini statistici e per finalità di marketing le visite al sito; oppure potrai selezionare le tipologie di cookie desiderate cliccando su "Accetta selezionati". Chiudendo questo banner cliccando sul tasto “X” prosegui la navigazione e saranno attivati solo i cookie tecnici necessari per la fruizione del sito. Potrai modificare le tue preferenze in ogni momento mediante il link “Impostazione dei cookie” a fine pagina. Per ulteriori informazioni ti invitiamo a prendere visione della Cookie Policy. Consent Selection Necessari Preferenze Statistiche Marketing Impostazione dei cookie Usa solo i cookie necessari Accetta Powered by Cookiebot by Usercentrics
DestraLiberaleItaliana	Web	https://www.destraliberale.it/	2022-08-28 03:09:20.745782	1	<Ok> Per offrire una migliore esperienza di navigazione questo sito utilizza cookie anche di terze parti. Chiudendo questo banner o cliccando al di fuori di esso, esprimerai il consenso all'uso dei cookie. Per saperne di più puoi consultare la nostra privacy policy. Dettagli Ok
DestreUnite	Web	https://nuovaitaliaunita.it/	2022-08-28 03:09:32.057495	1	
EuropaVerde	Web	https://europaverde.it/	2022-08-28 03:09:49.035905	1	<Accetta> × Utilizziamo cookie tecnici, indispensabili per permettere la corretta navigazione e fruizione del sito nonché, previo consenso dell’utente, cookie analitici e di profilazione propri (denti di prima parte) e di terze parti. È possibile configurare o rifiutare i cookie facendo clic su “Configurazione dei cookie”. Inoltre, gli utenti possono accettare tutti i cookie premendo il pulsante “Accetta tutti i cookie”. Per ulteriori informazioni, è possibile consultare la nostra Privacy Scopri di più e personalizza Rifiuta Accetta
+Europa	Web	https://www.piueuropa.eu/	2022-08-28 03:10:04.989387	1	<OK> Questo sito utilizza cookie di profilazione (propri e di altri siti) per inviarti informazioni in linea con le tue preferenze. Se vuoi saperne di più o negare il consenso a tutti o ad alcuni cookie, clicca qui. Se accedi a un qualunque elemento sottostante questo banner acconsenti all’uso dei cookie.   OK
Europeisti	Web	http://europeisti.org/	2022-08-28 03:10:22.833951	1	<ACCETTA> Informativa Noi e alcuni partner selezionati utilizziamo cookie o tecnologie simili come specificato nella cookie policy. Puoi acconsentire all’utilizzo di tali tecnologie chiudendo questa informativa. Impostazioni ACCETTA
Fassa	Web	http://www.forzafassa.it/	2022-08-28 03:10:31.010348	1	
ForzaDelPopolo	Web	https://www.forzadelpopolo.org/	2022-08-28 03:10:41.216700	1	
ForzaItalia	Web	http://www.forzaitalia.it/	2022-08-28 03:10:56.592460	1	<Chiudi> Questo sito si avvale di cookie necessari al funzionamento ed utili alle finalità illustrate nella Cookie policy. Chiudendo questo banner, scorrendo questa pagina, cliccando su un link e/o proseguendo la navigazione in altro modo, acconsenti all'uso dei cookie.Se vuoi saperne di più consulta la nostra Cookie policyChiudi
ForzaNuova	Web	http://www.forzanuova.eu/	2022-08-28 03:11:04.133917	1	
FratelliDItalia	Web	https://www.fratelli-italia.it/	2022-08-28 03:11:24.139466	1	<OK> Questo sito web utilizza i cookie  Questo sito utilizza cookie tecnici e di profilazione propri e di richieste parti per le sue funzioni funzionali e inviati di pubblicità, contenuti e servizi più vicini ai tuoi gusti e interessi. Chiudendo questo messaggio, scorrendo questa pagina o cliccando qualunque suo elemento acconsenti usare i cookie per le finalità indicate. Per consultare l'informativa sulla privacy clicca qui  OK Necessario Preferenze Statistiche Marketing Mostra dettagli
FREE	Web	https://www.freetalia.it/	2022-08-28 03:11:34.658574	1	
GreenItalia	Web	https://greenitalia.org/	2022-08-28 03:11:50.986287	1	<Ok> Utilizziamo i cookie per essere sicuri che tu possa avere la migliore esperienza sul nostro sito. Se continui ad utilizzare questo sito noi assumiamo che tu ne sia felice. Ok
IdentitàEAzione	Web	http://www.movimentoidea.it/	2022-08-28 03:12:05.925597	1	<Ok> Utilizziamo i cookie per essere sicuri che tu possa avere la migliore esperienza sul nostro sito. Se continui ad utilizzare questo sito noi assumiamo che tu ne sia felice. OkLeggi di più
InsiemePer	Web	https://www.insieme-per.it/	2022-08-28 03:12:22.557102	1	<Ok> Utilizziamo i cookie per essere sicuri che tu possa avere la migliore esperienza sul nostro sito. Se continui ad utilizzare questo sito noi assumiamo che tu ne sia felice. OkPrivacy policy
Italexit	Web	https://italexitperlitalia.it/	2022-08-28 03:12:38.408506	1	<Ok> Utilizziamo i cookie per essere sicuri che tu possa avere la migliore esperienza sul nostro sito. Se continui ad utilizzare questo sito noi assumiamo che tu ne sia felice. OkCookie Policy
ItaliaDeiDiritti	Web	https://italiadeidiritti.italymedia.it/	2022-08-28 03:12:48.793404	1	
ItaliaDeiValori	Web	https://www.italiadeivalori.it/	2022-08-28 03:12:57.593608	1	
ItaliaDelMeridione	Web	http://www.italiadelmeridione.it/	2022-08-28 03:13:09.916638	1	
ItaliaViva	Web	https://www.italiaviva.it/	2022-08-28 03:13:32.244513	1	<ACCETTA> Italia Viva tiene in grande considerazione la tua privacy. Utilizziamo cookie tecnici anche di terze parti per offrirti la miglior esperienza di navigazione in rete. Proseguendo la navigazione acconsentirai all’uso dei cookie. Leggi qui la Privacy Policy ACCETTA
LaPugliaInPiù	Web	https://www.lapugliainpiu.it/	2022-08-28 03:13:40.537030	1	
Lega	Web	https://legaonline.it/	2022-08-28 03:13:57.482144	1	<ACCETTO> Gestisci il consenso ai cookie Questo sito utilizza cookie tecnici, necessari per il suo corretto funzionamento, e, previo consenso, cookie di analitici e cookie di profilazione, anche di terze parti, necessari alle analisi sul traffico, alla condivisione sui social network, alla visualizzazione di media e utili per le finalità illustrate nella Cookie Policy. Se vuoi saperne di più, prestare il consenso solo ad alcuni utilizzi o cambiare le tue scelte consulta la nostra Cookie Policy.  Cliccando su "Accetto" acconsenti all'uso di tutti i cookie o di altre tecniche di tracciamento. Cliccando, invece, su "Rifiuto" verranno applicate le impostazioni predefinite e non verrà fornito il consenso per i cookie, tranne che per quelli tecnici. ACCETTO RIFIUTO Cookie Policy Informativa riguardo al trattamento dei dati personali
Movimento5Stelle	Web	https://www.movimento5stelle.eu/	2022-08-28 03:14:15.759698	1	<ACCETTA> Usiamo cookie per ottimizzare il nostro sito web ed i nostri servizi. ACCETTA NEGA PREFERENZE Politica dei cookie
MovimentoAnimalista	Web	https://movimentoanimalista.it/	2022-08-28 03:14:36.654189	1	<Ho capito> Questo sito utilizza i cookie per migliorare i servizi e l'esperienza degli utenti. Se decidi di continuare la navigazione consideriamo che accetti il loro uso. Ho capitoLeggi di più
MovimentoAssociativoItalianiAllEstero	Web	https://maiemondiale.com/	2022-08-28 03:14:57.447354	1	<Accetto> Utilizziamo i cookie per migliorare la tua esperienza di navigazione e per aiutarci migliorare il nostro sito. Per maggiori dettagli  consulta la cookie policy qui. Proseguendo nella navigazione si accetta l’uso dei cookies in caso contrario è possibile abbandonare il sito. Accetto Leggi di più
MovimentoDelleLiberta	Web	https://movimentodelleliberta.eu/	2022-08-28 03:15:27.800869	1	<Ok> Utilizziamo i cookie per essere sicuri che tu possa avere la migliore esperienza sul nostro sito. Se prosegui nella navigazione di questo sito acconsenti all'utilizzo dei cookie. OkPrivacy policy
MovimentoStellaAlpina	Web	https://www.stella-alpina.org/	2022-08-28 03:15:49.093724	1	<Ok> Utilizziamo i cookie per essere sicuri che tu possa avere la migliore esperienza sul nostro sito. Se continui ad utilizzare questo sito noi assumiamo che tu ne sia felice. OkPrivacy policy
NoiConLItalia	Web	https://www.noiconlitalia.it/	2022-08-28 03:16:10.672575	1	<Accetta tutto> Utilizziamo i cookie sul nostro sito web per offrirti l'esperienza più pertinente ricordando le tue preferenze e le tue visite ripetute. Cliccando su "Accetta tutto", acconsenti all'utilizzo di TUTTI i cookie. Tuttavia, puoi visitare "Impostazioni cookie" per fornire un consenso controllato. Leggi tutto Impostazioni Cookie Accetta tutto
NoiDiCentro	Web	https://noidicentro.org/	2022-08-28 03:16:30.947517	1	<ACCETTA> Utilizziamo i cookie sul nostro sito Web per offrirti l'esperienza più pertinente ricordando le tue preferenze e ripetendo le visite. Cliccando su "Accetta" acconsenti all'uso di TUTTI i cookie. Impostazioni ACCETTA
NuovoPSI	Web	https://www.liberalsocialistinpsi.it/	2022-08-28 03:16:49.736349	1	<Accetta Tutti> Informativa Questo sito si avvale di cookie necessari al funzionamento. Cliccando su "Accetta tutto", acconsenti all'uso di TUTTI i cookie. Tuttavia, puoi visitare "Impostazioni cookie" per fornire un consenso controllato. Per ulteriori informazioni clicca qui e leggi la nostra Cookie Policy  Rifiuta Impostazioni Cookie Accetta Accetta Tutti
PartitoComunistaDeiLavoratori	Web	https://www.pclavoratori.it/	2022-08-28 03:16:58.437019	1	
PartitoComunistaItaliano	Web	https://www.ilpartitocomunistaitaliano.it/	2022-08-28 03:17:16.973660	1	<Accetto> Questo sito utilizza i cookie per migliorare servizi ed esperienza dei lettori. Se decidi di continuare la navigazione consideriamo che accetti il loro uso.Accetto Più informazioni
PartitoComunista	Web	https://ilpartitocomunista.it/	2022-08-28 03:17:37.583126	1	<Accetta cookie> Gestisci Consenso Cookie Usiamo cookie per ottimizzare il nostro sito web ed i nostri servizi. Accetta cookie Nega Visualizza preference Cookie policy Privacy Policy
PartitoDemocratico	Web	https://www.partitodemocratico.it/	2022-08-28 03:17:45.253909	1	
PartitoPensionati	Web	http://www.partitopensionati.it/	2022-08-28 03:18:07.617780	1	<OK> Questo sito utilizza cookie di Google per erogare i propri servizi e per analizzare il traffico. Il tuo indirizzo IP e il tuo user agent sono condivisi con Google, unitamente alle metriche sulle prestazioni e sulla sicurezza, per garantire la qualità del servizio, generare statistiche di utilizzo e rilevare e contrastare eventuali abusi.ULTERIORI INFORMAZIONIOK
PartitoPirata	Web	https://www.partito-pirata.it/	2022-08-28 03:18:20.971421	1	
PartitoSardoDAzione	Web	http://www.psdaz.net/	2022-08-28 03:18:36.653311	1	
PartitoSocialistaItaliano	Web	https://www.partitosocialista.it/	2022-08-28 03:19:04.562050	1	<ACCETTO> Utilizziamo i cookie per essere sicuri che tu possa avere la migliore esperienza sul nostro sito. Se continui ad utilizzare questo sito noi assumiamo che tu ne sia felice. IMPOSTAZIONIACCETTO
PartitoUnioneCattolica	Web	https://partitounionecattolica.it/	2022-08-28 03:19:28.491580	1	<AL FINE DI FORNIRE LA MIGLIORE ESPERIENZA ONLINE QUESTO SITO UTILIZZA I COOKIES. UTILIZZANDO IL NOSTRO SITO, L'UTENTE ACCETTA IL NOSTRO UTILIZZO DA PARTE DEI COOKIE.> AL FINE DI FORNIRE LA MIGLIORE ESPERIENZA ONLINE QUESTO SITO UTILIZZA I COOKIES. UTILIZZANDO IL NOSTRO SITO, L'UTENTE ACCETTA IL NOSTRO UTILIZZO DA PARTE DEI COOKIE. ACCETOPrivacy policy
PatriaECostituzione	Web	https://www.patriaecostituzione.it/home/	2022-08-28 03:19:49.201871	1	<ACCEPT> This website uses cookies to improve your experience. We'll assume you're ok with this, but you can opt-out if you wish. Cookie settingsACCEPT
PotereAlPopolo	Web	https://poterealpopolo.org/	2022-08-28 03:19:58.497586	1	
PPA	Web	https://www.ppa-pensieroazione.com/	2022-08-28 03:20:16.811095	1	<Ok> Questo sito raccoglie dati statistici anonimi sulla navigazione, mediante cookie installati da terze parti autorizzate, rispettando la privacy dei tuoi dati personali e secondo le norme previste dalla legge. Continuando a navigare su questo sito, cliccando sui link al suo interno o semplicemente scrollando la pagina verso il basso, accetti il servizio e gli stessi cookie. Ok
R2020	Web	https://r2020.info/	2022-08-28 03:20:37.457472	1	<ACCETTA COOKIE> Usiamo cookie per ottimizzare il nostro sito web ed i nostri servizi. ACCETTA COOKIE NEGA VISUALIZZA PREFERENCE Cookie policy Informativa Privacy
ReferendumEDemocrazia	Web	https://listareferendumedemocrazia.it/	2022-08-28 03:20:56.511872	1	<Accept All> We use cookies on our website to give you the most relevant experience by remembering your preferences and repeat visits. By clicking “Accept All”, you consent to the use of ALL the cookies. However, you may visit "Cookie Settings" to provide a controlled consent. Cookie Settings Accept All
Rifondazione	Web	http://www.rifondazione.it/	2022-08-28 03:21:12.179017	1	<Accetta Cookie> Accetta Cookie  Questo sito raccoglie dati statistici anonimi sulla navigazione, mediante cookie installati da terze parti autorizzate, rispettando la privacy dei tuoi dati personali e secondo le norme previste dalla legge. Continuando a navigare su questo sito, cliccando sui link al suo interno o semplicemente scrollando la pagina verso il basso, accetti il servizio e gli stessi cookie.
Rinascimento	Web	https://www.rinascimentosgarbi.org/	2022-08-28 03:21:23.716772	1	
SinistraItaliana	Web	https://www.sinistraitaliana.si/	2022-08-28 03:21:42.020526	1	<www.sinistraitaliana.si utilizza i cookies per offrirti una esperienza di navigazione migliore. Usando il nostro servizio accetti impiego di cookie in accordo con la nostra cookie policy.> www.sinistraitaliana.si utilizza i cookies per offrirti una esperienza di navigazione migliore. Usando il nostro servizio accetti impiego di cookie in accordo con la nostra cookie policy.
SudChiamaNord	Web	https://www.sud-chiamanord.it/	2022-08-28 03:22:07.333457	1	<Accetto> Utilizziamo i cookie sul nostro sito Web per offrirti l'esperienza più pertinente ricordando le tue preferenze e le visite ripetute. Cliccando su "Accetto" acconsenti all'uso di TUTTI i cookie. Tuttavia, puoi visitare "Impostazioni cookie" per fornire un consenso controllato. Impostazioni dei cookie Accetto
SudtirolerVolkspartei	Web	https://www.svp.eu/	2022-08-28 03:22:25.561335	1	<ALLE AKZEPTIEREN> COOKIES  Hier können Sie die Dienste, die wir auf dieser Website nutzen möchten, bewerten und anpassen. Sie haben das Sagen! Aktivieren oder deaktivieren Sie die Dienste, wie Sie es für richtig halten. Um mehr zu erfahren, lesen Sie bitte unsere Datenschutzerklärung  Besucher-Statiken  ↓ 2 Dienste Karten  ↓ 1 Dienst Alle Dienste aktivieren oder deaktivieren  Mit diesem Schalter können Sie alle Dienste aktivieren oder deaktivieren.  Nur technische Cookies AUSGEWÄHLTE AKZEPTIERENALLE AKZEPTIEREN
UnioneDiCentro	Web	https://www.udc-italia.it/	2022-08-28 03:22:38.115900	1	
UnionePopolare	Web	https://unionepopolare.blog/	2022-08-28 03:22:54.045442	1	<Accetta tutto> Informativa Questo sito installa cookie e altri strumenti di tracciamento. Sia tecnici necessari per il funzionamento del sito, per l'utilizzo non serve il tuo consenso, sia di profilazione, anche di terza parte, necessari per offrirti servizi in linea con i tuoi interessi, per l'utilizzo serve il tuo consenso.  Cliccando “Accetta tutto” acconsenti all'utilizzo di tutti i cookie. Cliccando “Preferenze” potrai configurare le tue scelte. Cliccando "Nega" verranno installati solo i cookie tecnici.  Per saperne di più consulta la nostra Informativa Cookie. Accetta tutto Nega Vedi preferenze Cookie Policy
UnioneSudamericanaEmigratiItaliani	Web	https://www.usei-it.org/it/	2022-08-28 03:23:12.913883	1	
UnionValdotaine	Web	https://www.unionvaldotaine.org/	2022-08-28 03:23:32.591126	1	<Accetta> Informativa  Noi e terze parti selezionate utilizziamo cookie o tecnologie simili per finalità tecniche e, con il tuo consenso, anche per “miglioramento dell'esperienza” e “targeting e pubblicità” come specificato nella cookie policy. Il rifiuto del consenso può rendere non disponibili le relative funzioni.  Puoi liberamente prestare, rifiutare o revocare il tuo consenso, in qualsiasi momento.  Usa il pulsante “Accetta” per acconsentire all'utilizzo di tali tecnologie. Usa il pulsante “Rifiuta” per continuare senza accettare.  Scopri di più e personalizza Rifiuta Accetta
VerdeEPopolare	Web	https://www.verdeepopolare.it/	2022-08-28 03:23:53.506681	1	<ACCETTA TUTTI> Utilizziamo i cookie per personalizzare i contenuti e gli annunci, per fornire le funzionalità dei social media e per analizzare il nostro traffico. Cliccando su “ACCETTA TUTTI”, consenti l'uso di TUTTI i cookies. Potrai comunque cambiare le tue scelte in qualsiasi momento cliccando su "Imposta Cookie". Imposta Cookie ACCETTA TUTTI Rifiuta tutti Privacy e Cookie Policy
VerdiESinistra	Web	https://verdisinistra.it	2022-08-28 03:24:11.922241	1	<Accetta> Informativa  Noi e terze parti selezionate utilizziamo cookie o tecnologie simili per finalità tecniche e, con il tuo consenso, anche per “interazioni e funzionalità semplici”, “miglioramento dell'esperienza”, “misurazione” e “targeting e pubblicità” come specificato nella cookie policy. Il rifiuto del consenso può rendere non disponibili le relative funzioni.  Puoi liberamente prestare, rifiutare o revocare il tuo consenso, in qualsiasi momento.  Usa il pulsante “Accetta” per acconsentire all'utilizzo di tali tecnologie. Usa il pulsante “Rifiuta” per continuare senza accettare.  Scopri di più e personalizza Rifiuta Accetta
Vita	Web	https://www.votalavita.it/	2022-08-28 03:24:30.800762	1	<Accetta> × Informativa  Noi e terze parti selezionate utilizziamo cookie o tecnologie simili per finalità tecniche e, con il tuo consenso, anche per “miglioramento dell'esperienza”, “misurazione” e “targeting e pubblicità” come specificato nella cookie policy. Il rifiuto del consenso può rendere non disponibili le relative funzioni.  Puoi liberamente prestare, rifiutare o revocare il tuo consenso, in qualsiasi momento.  Usa il pulsante “Accetta” per acconsentire all'utilizzo di tali tecnologie. Usa il pulsante “Rifiuta” o chiudi questa informativa per continuare senza accettare.  Scopri di più e personalizza Rifiuta Accetta
