AllianceValdotaine	Web	https://alliancevaldotaine.org/	2022-08-28 03:06:45.169529	1	UA-166373056-3
AncoraItalia	Web	https://www.ancoraitalia.it/	2022-08-28 03:07:13.016317	1	
ArticoloUno	Web	https://articolo1mdp.it/	2022-08-28 03:07:35.038043	1	UA-96114804-1
AutonomiaResponsabile	Web	https://www.autonomiaresponsabilefvg.it/	2022-08-28 03:07:52.401607	1	UA-18263736-16
Azione	Web	https://www.azione.it/	2022-08-28 03:08:09.973312	1	UA-160314864-1
Cambiamo	Web	https://cambiamo.eu/	2022-08-28 03:08:25.858945	1	UA-154555928-1
CentroDemocratico	Web	https://www.ilcentrodemocratico.it/	2022-08-28 03:08:44.237686	1	
CoraggioItalia	Web	https://www.coraggioitalia.it/	2022-08-28 03:09:02.407025	1	UA-196198987-1
DestraLiberaleItaliana	Web	https://www.destraliberale.it/	2022-08-28 03:09:20.745782	1	
DestreUnite	Web	https://nuovaitaliaunita.it/	2022-08-28 03:09:32.057495	1	
EuropaVerde	Web	https://europaverde.it/	2022-08-28 03:09:49.035905	1	G-17938P1DMR
+Europa	Web	https://www.piueuropa.eu/	2022-08-28 03:10:04.989387	1	UA-113588203-1
Europeisti	Web	http://europeisti.org/	2022-08-28 03:10:22.833951	1	UA-195800181-1
Fassa	Web	http://www.forzafassa.it/	2022-08-28 03:10:31.010348	1	
ForzaDelPopolo	Web	https://www.forzadelpopolo.org/	2022-08-28 03:10:41.216700	1	
ForzaItalia	Web	http://www.forzaitalia.it/	2022-08-28 03:10:56.592460	1	UA-3013997-1
ForzaNuova	Web	http://www.forzanuova.eu/	2022-08-28 03:11:04.133917	1	
FratelliDItalia	Web	https://www.fratelli-italia.it/	2022-08-28 03:11:24.139466	1	UA-151333309-1
FREE	Web	https://www.freetalia.it/	2022-08-28 03:11:34.658574	1	
GreenItalia	Web	https://greenitalia.org/	2022-08-28 03:11:50.986287	1	UA-162881494-1
IdentitàEAzione	Web	http://www.movimentoidea.it/	2022-08-28 03:12:05.925597	1	UA-88001239-1
InsiemePer	Web	https://www.insieme-per.it/	2022-08-28 03:12:22.557102	1	G-W45YPE16S3
Italexit	Web	https://italexitperlitalia.it/	2022-08-28 03:12:38.408506	1	UA-173152990-1
ItaliaDeiDiritti	Web	https://italiadeidiritti.italymedia.it/	2022-08-28 03:12:48.793404	1	
ItaliaDeiValori	Web	https://www.italiadeivalori.it/	2022-08-28 03:12:57.593608	1	
ItaliaDelMeridione	Web	http://www.italiadelmeridione.it/	2022-08-28 03:13:09.916638	1	
ItaliaViva	Web	https://www.italiaviva.it/	2022-08-28 03:13:32.244513	1	
LaPugliaInPiù	Web	https://www.lapugliainpiu.it/	2022-08-28 03:13:40.537030	1	
Lega	Web	https://legaonline.it/	2022-08-28 03:13:57.482144	1	UA-135697192-2
Movimento5Stelle	Web	https://www.movimento5stelle.eu/	2022-08-28 03:14:15.759698	1	
MovimentoAnimalista	Web	https://movimentoanimalista.it/	2022-08-28 03:14:36.654189	1	
MovimentoAssociativoItalianiAllEstero	Web	https://maiemondiale.com/	2022-08-28 03:14:57.447354	1	UA-120507188-1
MovimentoDelleLiberta	Web	https://movimentodelleliberta.eu/	2022-08-28 03:15:27.800869	1	
MovimentoStellaAlpina	Web	https://www.stella-alpina.org/	2022-08-28 03:15:49.093724	1	
NoiConLItalia	Web	https://www.noiconlitalia.it/	2022-08-28 03:16:10.672575	1	UA-161717168-23
NoiDiCentro	Web	https://noidicentro.org/	2022-08-28 03:16:30.947517	1	UA-177087328-1
NuovoPSI	Web	https://www.liberalsocialistinpsi.it/	2022-08-28 03:16:49.736349	1	
PartitoComunistaDeiLavoratori	Web	https://www.pclavoratori.it/	2022-08-28 03:16:58.437019	1	
PartitoComunistaItaliano	Web	https://www.ilpartitocomunistaitaliano.it/	2022-08-28 03:17:16.973660	1	
PartitoComunista	Web	https://ilpartitocomunista.it/	2022-08-28 03:17:37.583126	1	G-WVR0GNXY13
PartitoDemocratico	Web	https://www.partitodemocratico.it/	2022-08-28 03:17:45.253909	1	UA-54119739-1
PartitoPensionati	Web	http://www.partitopensionati.it/	2022-08-28 03:18:07.617780	1	
PartitoPirata	Web	https://www.partito-pirata.it/	2022-08-28 03:18:20.971421	1	
PartitoSardoDAzione	Web	http://www.psdaz.net/	2022-08-28 03:18:36.653311	1	UA-43649005-1
PartitoSocialistaItaliano	Web	https://www.partitosocialista.it/	2022-08-28 03:19:04.562050	1	G-VP9JCBM645
PartitoUnioneCattolica	Web	https://partitounionecattolica.it/	2022-08-28 03:19:28.491580	1	G-7YHF5Q4LQY
PatriaECostituzione	Web	https://www.patriaecostituzione.it/home/	2022-08-28 03:19:49.201871	1	UA-231916068-1
PotereAlPopolo	Web	https://poterealpopolo.org/	2022-08-28 03:19:58.497586	1	
PPA	Web	https://www.ppa-pensieroazione.com/	2022-08-28 03:20:16.811095	1	UA-183971348-1
R2020	Web	https://r2020.info/	2022-08-28 03:20:37.457472	1	
ReferendumEDemocrazia	Web	https://listareferendumedemocrazia.it/	2022-08-28 03:20:56.511872	1	UA-236756429-1
Rifondazione	Web	http://www.rifondazione.it/	2022-08-28 03:21:12.179017	1	UA-37934921-1
Rinascimento	Web	https://www.rinascimentosgarbi.org/	2022-08-28 03:21:23.716772	1	G-54BKDKVKGV
SinistraItaliana	Web	https://www.sinistraitaliana.si/	2022-08-28 03:21:42.020526	1	UA-195625338-1
SudChiamaNord	Web	https://www.sud-chiamanord.it/	2022-08-28 03:22:07.333457	1	UA-236737647-1
SudtirolerVolkspartei	Web	https://www.svp.eu/	2022-08-28 03:22:25.561335	1	UA-4499315-2
UnioneDiCentro	Web	https://www.udc-italia.it/	2022-08-28 03:22:38.115900	1	
UnionePopolare	Web	https://unionepopolare.blog/	2022-08-28 03:22:54.045442	1	
UnioneSudamericanaEmigratiItaliani	Web	https://www.usei-it.org/it/	2022-08-28 03:23:12.913883	1	
UnionValdotaine	Web	https://www.unionvaldotaine.org/	2022-08-28 03:23:32.591126	1	
VerdeEPopolare	Web	https://www.verdeepopolare.it/	2022-08-28 03:23:53.506681	1	
VerdiESinistra	Web	https://verdisinistra.it	2022-08-28 03:24:11.922241	1	G-ZES0B1X95R
Vita	Web	https://www.votalavita.it/	2022-08-28 03:24:30.800762	1	G-T19F5H75TB
