AllianceValdotaine	Web	https://alliancevaldotaine.org/	2022-08-28 03:06:45.169529	1	["https://fonts.googleapis.com/css?family=Roboto%3A100%2C100italic%2C200%2C200italic%2C300%2C300italic%2C400%2C400italic%2C500%2C500italic%2C600%2C600italic%2C700%2C700italic%2C800%2C800italic%2C900%2C900italic%7CRoboto+Slab%3A100%2C100italic%2C200%2C200italic%2C300%2C300italic%2C400%2C400italic%2C500%2C500italic%2C600%2C600italic%2C700%2C700italic%2C800%2C800italic%2C900%2C900italic%7CMitr%3A100%2C100italic%2C200%2C200italic%2C300%2C300italic%2C400%2C400italic%2C500%2C500italic%2C600%2C600italic%2C700%2C700italic%2C800%2C800italic%2C900%2C900italic&ver=5.4.2","https://fonts.googleapis.com/css?family=Mitr:100,200,300,400,500,600,700,800,900,100italic,200italic,300italic,400italic,500italic,600italic,700italic,800italic,900italic&subset=latin-ext"]
AncoraItalia	Web	https://www.ancoraitalia.it/	2022-08-28 03:07:13.016317	1	["https://fonts.googleapis.com/","https://fonts.googleapis.com/","https://fonts.googleapis.com/css2?family=DM+Sans%3Aital%2Cwght%400%2C400%3B0%2C500%3B0%2C700%3B1%2C400%3B1%2C500%3B1%2C700&display=swap&ver=6.0.1","https://fonts.googleapis.com/css?family=Poppins%7CPoppins:600,regular&subset=latin,latin&display=swap"]
ArticoloUno	Web	https://articolo1mdp.it/	2022-08-28 03:07:35.038043	1	["https://fonts.googleapis.com/css?family=Open+Sans:300,400,700"]
AutonomiaResponsabile	Web	https://www.autonomiaresponsabilefvg.it/	2022-08-28 03:07:52.401607	1	
Azione	Web	https://www.azione.it/	2022-08-28 03:08:09.973312	1	["https://fonts.googleapis.com/css?family=Poppins:400italic,700italic,400,700%7COpen+Sans:400italic,700italic,400,700%7CExo+2:700%7CLato:900%7CNoticia+Text:400,400italic,700,700italic&subset=latin,latin,latin,latin,latin"]
Cambiamo	Web	https://cambiamo.eu/	2022-08-28 03:08:25.858945	1	["https://fonts.googleapis.com/","https://fonts.googleapis.com/css?family=Montserrat%3A600%2C500%2C700%7COpen+Sans%3A400%2C300%2C500%2C600&subset&display=block&ver=5.7.6","https://fonts.googleapis.com/css?family=Open+Sans%3A600%2C300&ver=5.7.6"]
CentroDemocratico	Web	https://www.ilcentrodemocratico.it/	2022-08-28 03:08:44.237686	1	["https://fonts.googleapis.com/","https://fonts.googleapis.com/css?family=Montserrat%3Aregular%2C700&subset=latin&ver=5.8.4","https://fonts.googleapis.com/css?family=Roboto+Slab%3A100%2C300%2Cregular%2C700&subset=greek%2Ccyrillic-ext%2Ccyrillic%2Clatin%2Clatin-ext%2Cvietnamese%2Cgreek-ext&ver=5.8.4","https://fonts.googleapis.com/css?family=Roboto+Condensed%3A300%2C300italic%2Cregular%2Citalic%2C700%2C700italic&subset=greek%2Ccyrillic-ext%2Ccyrillic%2Clatin%2Clatin-ext%2Cvietnamese%2Cgreek-ext&ver=5.8.4","https://fonts.googleapis.com/css?family=Open+Sans%3A300%2C300italic%2Cregular%2Citalic%2C600%2C600italic%2C700%2C700italic%2C800%2C800italic&subset=greek%2Ccyrillic-ext%2Ccyrillic%2Clatin%2Clatin-ext%2Cvietnamese%2Cgreek-ext&ver=5.8.4","https://fonts.googleapis.com/css?family=Montserrat:700%2C400%7CRoboto:700%2C400"]
CoraggioItalia	Web	https://www.coraggioitalia.it/	2022-08-28 03:09:02.407025	1	["url('https://fonts.googleapis.com/css2?family=Work+Sans:ital,wght@0,300;0,400;0,500;0,700;0,900;1,300;1,400;1,700;1,900&display=swap')","url('https://fonts.googleapis.com/css2?family=Oswald&display=swap')"]
DestraLiberaleItaliana	Web	https://www.destraliberale.it/	2022-08-28 03:09:20.745782	1	["https://fonts.googleapis.com/css?family=Open+Sans%3A400%2C700%2C900%7CLora%3A400%2C700%2C900&display=swap","https://fonts.googleapis.com/css?family=Montserrat%3A100%2C100italic%2C200%2C200italic%2C300%2C300italic%2C400%2C400italic%2C500%2C500italic%2C600%2C600italic%2C700%2C700italic%2C800%2C800italic%2C900%2C900italic%7COpen+Sans%3A100%2C100italic%2C200%2C200italic%2C300%2C300italic%2C400%2C400italic%2C500%2C500italic%2C600%2C600italic%2C700%2C700italic%2C800%2C800italic%2C900%2C900italic%7COpen+Sans+Condensed%3A100%2C100italic%2C200%2C200italic%2C300%2C300italic%2C400%2C400italic%2C500%2C500italic%2C600%2C600italic%2C700%2C700italic%2C800%2C800italic%2C900%2C900italic&display=auto&ver=6.0.1"]
DestreUnite	Web	https://nuovaitaliaunita.it/	2022-08-28 03:09:32.057495	1	["https://fonts.googleapis.com/","https://fonts.googleapis.com/css?family=Source+Sans+Pro%3A200%2Cnormal%2C300%2C600%2C700%7CPlayfair+Display%3Aregular%2Citalic%2C700%2C900&subset=latin%2Clatin-ext"]
EuropaVerde	Web	https://europaverde.it/	2022-08-28 03:09:49.035905	1	
+Europa	Web	https://www.piueuropa.eu/	2022-08-28 03:10:04.989387	1	["https://fonts.googleapis.com/css?family=Roboto:300,400,500,700|Google+Sans:400,500,700|Google+Sans+Text:400&lang=en","https://fonts.googleapis.com/css?family=Google+Sans+Text:400&text=%E2%86%90%E2%86%92%E2%86%91%E2%86%93&lang=en","https://fonts.googleapis.com/css?family=Montserrat:400"]
Europeisti	Web	http://europeisti.org/	2022-08-28 03:10:22.833951	1	["https://fonts.googleapis.com/"]
Fassa	Web	http://www.forzafassa.it/	2022-08-28 03:10:31.010348	1	["url(\"https://fonts.googleapis.com/css?family=Open+Sans:300,300italic,600,600italic,700\")"]
ForzaDelPopolo	Web	https://www.forzadelpopolo.org/	2022-08-28 03:10:41.216700	1	["https://fonts.googleapis.com/css?family=Roboto:400,500"]
ForzaItalia	Web	http://www.forzaitalia.it/	2022-08-28 03:10:56.592460	1	
ForzaNuova	Web	http://www.forzanuova.eu/	2022-08-28 03:11:04.133917	1	
FratelliDItalia	Web	https://www.fratelli-italia.it/	2022-08-28 03:11:24.139466	1	["https://fonts.googleapis.com/css?display=swap&family=Roboto%3A300%2C400","https://fonts.googleapis.com/css?family=Open+Sans&display=swap","https://fonts.googleapis.com/css?family=Open+Sans&display=swap","https://fonts.googleapis.com/css?family=Rubik"]
FREE	Web	https://www.freetalia.it/	2022-08-28 03:11:34.658574	1	["url(https://fonts.gstatic.com/ea/alefhebrew/v4/Alef-Regular.woff2)","url(https://fonts.gstatic.com/ea/alefhebrew/v4/Alef-Regular.woff)","url(https://fonts.gstatic.com/ea/alefhebrew/v4/Alef-Bold.woff2)","url(https://fonts.gstatic.com/ea/alefhebrew/v4/Alef-Bold.woff)"]
GreenItalia	Web	https://greenitalia.org/	2022-08-28 03:11:50.986287	1	["https://fonts.googleapis.com/","https://fonts.googleapis.com/css?family=Open+Sans%3A400%2C300%2C600%2C700%2C800%2C800italic%2C700italic%2C600italic%2C400italic%2C300italic&ver=3edb5520a2b137edd1b9179748813b09","https://fonts.googleapis.com/css?family=Merriweather%3A400%2C700%2C300%2C900&ver=3edb5520a2b137edd1b9179748813b09"]
IdentitàEAzione	Web	http://www.movimentoidea.it/	2022-08-28 03:12:05.925597	1	["http://fonts.googleapis.com/","https://fonts.googleapis.com/css?family=Open+Sans%3A400%2C700&subset=latin&ver=5.8.1","https://fonts.googleapis.com/icon?family=Material+Icons&ver=5.8.1"]
InsiemePer	Web	https://www.insieme-per.it/	2022-08-28 03:12:22.557102	1	["url(https://fonts.gstatic.com/s/opensans/v34/memQYaGs126MiZpBA-UFUIcVXSCEkx2cmqvXlWq8tWZ0Pw86hd0Rk5hkWV4exg.woff)","url(https://fonts.gstatic.com/s/opensans/v34/memQYaGs126MiZpBA-UFUIcVXSCEkx2cmqvXlWq8tWZ0Pw86hd0Rk8ZkWV4exg.woff)","url(https://fonts.gstatic.com/s/opensans/v34/memQYaGs126MiZpBA-UFUIcVXSCEkx2cmqvXlWq8tWZ0Pw86hd0RkxhjWV4exg.woff)","url(https://fonts.gstatic.com/s/opensans/v34/memQYaGs126MiZpBA-UFUIcVXSCEkx2cmqvXlWq8tWZ0Pw86hd0RkyFjWV4exg.woff)","url(https://fonts.gstatic.com/s/opensans/v34/memQYaGs126MiZpBA-UFUIcVXSCEkx2cmqvXlWq8tWZ0Pw86hd0Rk0ZjWV4exg.woff)","url(https://fonts.gstatic.com/s/opensans/v34/memSYaGs126MiZpBA-UvWbX2vVnXBbObj2OVZyOOSr4dVJWUgsiH0B4uaVQ.woff)","url(https://fonts.gstatic.com/s/opensans/v34/memSYaGs126MiZpBA-UvWbX2vVnXBbObj2OVZyOOSr4dVJWUgsjZ0B4uaVQ.woff)","url(https://fonts.gstatic.com/s/opensans/v34/memSYaGs126MiZpBA-UvWbX2vVnXBbObj2OVZyOOSr4dVJWUgsgH1x4uaVQ.woff)","url(https://fonts.gstatic.com/s/opensans/v34/memSYaGs126MiZpBA-UvWbX2vVnXBbObj2OVZyOOSr4dVJWUgsg-1x4uaVQ.woff)","url(https://fonts.gstatic.com/s/opensans/v34/memSYaGs126MiZpBA-UvWbX2vVnXBbObj2OVZyOOSr4dVJWUgshZ1x4uaVQ.woff)","url(https://fonts.gstatic.com/s/opensans/v34/memQYaGs126MiZpBA-UFUIcVXSCEkx2cmqvXlWq8tWZ0Pw86hd0Rk5hkWV4ewA.woff2)","url(https://fonts.gstatic.com/s/opensans/v34/memQYaGs126MiZpBA-UFUIcVXSCEkx2cmqvXlWq8tWZ0Pw86hd0Rk8ZkWV4ewA.woff2)","url(https://fonts.gstatic.com/s/opensans/v34/memQYaGs126MiZpBA-UFUIcVXSCEkx2cmqvXlWq8tWZ0Pw86hd0RkxhjWV4ewA.woff2)","url(https://fonts.gstatic.com/s/opensans/v34/memQYaGs126MiZpBA-UFUIcVXSCEkx2cmqvXlWq8tWZ0Pw86hd0RkyFjWV4ewA.woff2)","url(https://fonts.gstatic.com/s/opensans/v34/memQYaGs126MiZpBA-UFUIcVXSCEkx2cmqvXlWq8tWZ0Pw86hd0Rk0ZjWV4ewA.woff2)","url(https://fonts.gstatic.com/s/opensans/v34/memSYaGs126MiZpBA-UvWbX2vVnXBbObj2OVZyOOSr4dVJWUgsiH0B4uaVI.woff2)","url(https://fonts.gstatic.com/s/opensans/v34/memSYaGs126MiZpBA-UvWbX2vVnXBbObj2OVZyOOSr4dVJWUgsjZ0B4uaVI.woff2)","url(https://fonts.gstatic.com/s/opensans/v34/memSYaGs126MiZpBA-UvWbX2vVnXBbObj2OVZyOOSr4dVJWUgsgH1x4uaVI.woff2)","url(https://fonts.gstatic.com/s/opensans/v34/memSYaGs126MiZpBA-UvWbX2vVnXBbObj2OVZyOOSr4dVJWUgsg-1x4uaVI.woff2)","url(https://fonts.gstatic.com/s/opensans/v34/memSYaGs126MiZpBA-UvWbX2vVnXBbObj2OVZyOOSr4dVJWUgshZ1x4uaVI.woff2)","url(https://fonts.gstatic.com/s/ubuntu/v20/4iCp6KVjbNBYlgoKejZftVyBN4c.woff)","url(https://fonts.gstatic.com/s/ubuntu/v20/4iCu6KVjbNBYlgoKej76l08.woff)","url(https://fonts.gstatic.com/s/ubuntu/v20/4iCp6KVjbNBYlgoKejYHtFyBN4c.woff)","url(https://fonts.gstatic.com/s/ubuntu/v20/4iCp6KVjbNBYlgoKejZPslyBN4c.woff)","url(https://fonts.gstatic.com/s/ubuntu/v20/4iCv6KVjbNBYlgoC1CzjvmyL.woff)","url(https://fonts.gstatic.com/s/ubuntu/v20/4iCs6KVjbNBYlgoKcQ7w.woff)","url(https://fonts.gstatic.com/s/ubuntu/v20/4iCv6KVjbNBYlgoCjC3jvmyL.woff)","url(https://fonts.gstatic.com/s/ubuntu/v20/4iCv6KVjbNBYlgoCxCvjvmyL.woff)","url(https://fonts.gstatic.com/s/ubuntu/v20/4iCp6KVjbNBYlgoKejZftVyBN4E.woff2)","url(https://fonts.gstatic.com/s/ubuntu/v20/4iCu6KVjbNBYlgoKej76l0k.woff2)","url(https://fonts.gstatic.com/s/ubuntu/v20/4iCp6KVjbNBYlgoKejYHtFyBN4E.woff2)","url(https://fonts.gstatic.com/s/ubuntu/v20/4iCp6KVjbNBYlgoKejZPslyBN4E.woff2)","url(https://fonts.gstatic.com/s/ubuntu/v20/4iCv6KVjbNBYlgoC1CzjvmyN.woff2)","url(https://fonts.gstatic.com/s/ubuntu/v20/4iCs6KVjbNBYlgoKcQ72.woff2)","url(https://fonts.gstatic.com/s/ubuntu/v20/4iCv6KVjbNBYlgoCjC3jvmyN.woff2)","url(https://fonts.gstatic.com/s/ubuntu/v20/4iCv6KVjbNBYlgoCxCvjvmyN.woff2)"]
Italexit	Web	https://italexitperlitalia.it/	2022-08-28 03:12:38.408506	1	["https://fonts.googleapis.com/","https://fonts.googleapis.com/css?family=Roboto+Condensed%3A500%2C400&display=swap&ver=3.2.2"]
ItaliaDeiDiritti	Web	https://italiadeidiritti.italymedia.it/	2022-08-28 03:12:48.793404	1	
ItaliaDeiValori	Web	https://www.italiadeivalori.it/	2022-08-28 03:12:57.593608	1	["url(\"//fonts.gstatic.com/s/poppins/v5/9VWMTeb5jtXkNoTv949Npfk_vArhqVIZ0nv9q090hN8.woff2\")","url(\"//fonts.gstatic.com/s/poppins/v5/9VWMTeb5jtXkNoTv949NpRsxEYwM7FgeyaSgU71cLG0.woff\")","url(\"//fonts.gstatic.com/s/poppins/v5/aDjpMND83pDErGXlVEr-Sfk_vArhqVIZ0nv9q090hN8.woff2\")","url(\"//fonts.gstatic.com/s/poppins/v5/aDjpMND83pDErGXlVEr-SRsxEYwM7FgeyaSgU71cLG0.woff\")","url(\"//fonts.gstatic.com/s/poppins/v5/RbebACOccNN-5ixkDIVLjRUOjZSKWg4xBWp_C_qQx0o.woff2\")","url(\"//fonts.gstatic.com/s/poppins/v5/RbebACOccNN-5ixkDIVLjRa1RVmPjeKy21_GQJaLlJI.woff\")","url(\"//fonts.gstatic.com/s/poppins/v5/c4FPK8_hIFKoX59qcGwdChUOjZSKWg4xBWp_C_qQx0o.woff2\")","url(\"//fonts.gstatic.com/s/poppins/v5/c4FPK8_hIFKoX59qcGwdCha1RVmPjeKy21_GQJaLlJI.woff\")","url(https://fonts.gstatic.com/s/poppins/v9/pxiGyp8kv8JHgFVrJJLucXtAOvWDSHFF.woff2)","url(https://fonts.gstatic.com/s/poppins/v9/pxiGyp8kv8JHgFVrJJLufntAOvWDSHFF.woff2)","url(https://fonts.gstatic.com/s/poppins/v9/pxiGyp8kv8JHgFVrJJLucHtAOvWDSA.woff2)","url(https://fonts.gstatic.com/s/poppins/v9/pxiDyp8kv8JHgFVrJJLmy15VFteOYktMqlap.woff2)","url(https://fonts.gstatic.com/s/poppins/v9/pxiDyp8kv8JHgFVrJJLmy15VGdeOYktMqlap.woff2)","url(https://fonts.gstatic.com/s/poppins/v9/pxiDyp8kv8JHgFVrJJLmy15VF9eOYktMqg.woff2)","url(https://fonts.gstatic.com/s/poppins/v9/pxiEyp8kv8JHgFVrJJbecnFHGPezSQ.woff2)","url(https://fonts.gstatic.com/s/poppins/v9/pxiEyp8kv8JHgFVrJJnecnFHGPezSQ.woff2)","url(https://fonts.gstatic.com/s/poppins/v9/pxiEyp8kv8JHgFVrJJfecnFHGPc.woff2)","url(https://fonts.gstatic.com/s/poppins/v9/pxiByp8kv8JHgFVrLCz7Z11lFd2JQEl8qw.woff2)","url(https://fonts.gstatic.com/s/poppins/v9/pxiByp8kv8JHgFVrLCz7Z1JlFd2JQEl8qw.woff2)","url(https://fonts.gstatic.com/s/poppins/v9/pxiByp8kv8JHgFVrLCz7Z1xlFd2JQEk.woff2)","url(\"//fonts.gstatic.com/s/poppins/v5/9VWMTeb5jtXkNoTv949Npfk_vArhqVIZ0nv9q090hN8.woff2\")","url(\"//fonts.gstatic.com/s/poppins/v5/9VWMTeb5jtXkNoTv949NpRsxEYwM7FgeyaSgU71cLG0.woff\")","url(\"//fonts.gstatic.com/s/poppins/v5/aDjpMND83pDErGXlVEr-Sfk_vArhqVIZ0nv9q090hN8.woff2\")","url(\"//fonts.gstatic.com/s/poppins/v5/aDjpMND83pDErGXlVEr-SRsxEYwM7FgeyaSgU71cLG0.woff\")","url(\"//fonts.gstatic.com/s/poppins/v5/RbebACOccNN-5ixkDIVLjRUOjZSKWg4xBWp_C_qQx0o.woff2\")","url(\"//fonts.gstatic.com/s/poppins/v5/RbebACOccNN-5ixkDIVLjRa1RVmPjeKy21_GQJaLlJI.woff\")","url(\"//fonts.gstatic.com/s/poppins/v5/c4FPK8_hIFKoX59qcGwdChUOjZSKWg4xBWp_C_qQx0o.woff2\")","url(\"//fonts.gstatic.com/s/poppins/v5/c4FPK8_hIFKoX59qcGwdCha1RVmPjeKy21_GQJaLlJI.woff\")","url(https://fonts.gstatic.com/s/poppins/v9/pxiGyp8kv8JHgFVrJJLucXtAOvWDSHFF.woff2)","url(https://fonts.gstatic.com/s/poppins/v9/pxiGyp8kv8JHgFVrJJLufntAOvWDSHFF.woff2)","url(https://fonts.gstatic.com/s/poppins/v9/pxiGyp8kv8JHgFVrJJLucHtAOvWDSA.woff2)","url(https://fonts.gstatic.com/s/poppins/v9/pxiDyp8kv8JHgFVrJJLmy15VFteOYktMqlap.woff2)","url(https://fonts.gstatic.com/s/poppins/v9/pxiDyp8kv8JHgFVrJJLmy15VGdeOYktMqlap.woff2)","url(https://fonts.gstatic.com/s/poppins/v9/pxiDyp8kv8JHgFVrJJLmy15VF9eOYktMqg.woff2)","url(https://fonts.gstatic.com/s/poppins/v9/pxiEyp8kv8JHgFVrJJbecnFHGPezSQ.woff2)","url(https://fonts.gstatic.com/s/poppins/v9/pxiEyp8kv8JHgFVrJJnecnFHGPezSQ.woff2)","url(https://fonts.gstatic.com/s/poppins/v9/pxiEyp8kv8JHgFVrJJfecnFHGPc.woff2)","url(https://fonts.gstatic.com/s/poppins/v9/pxiByp8kv8JHgFVrLCz7Z11lFd2JQEl8qw.woff2)","url(https://fonts.gstatic.com/s/poppins/v9/pxiByp8kv8JHgFVrLCz7Z1JlFd2JQEl8qw.woff2)","url(https://fonts.gstatic.com/s/poppins/v9/pxiByp8kv8JHgFVrLCz7Z1xlFd2JQEk.woff2)"]
ItaliaDelMeridione	Web	http://www.italiadelmeridione.it/	2022-08-28 03:13:09.916638	1	["http://fonts.googleapis.com/css?family=PT+Serif:regular,italic,700,700italic&subset=latin-ext","http://fonts.googleapis.com/css?family=Poppins:300,regular,500,600,700&subset=latin"]
ItaliaViva	Web	https://www.italiaviva.it/	2022-08-28 03:13:32.244513	1	["https://fonts.googleapis.com/css?family=DM+Sans:400,400i,500,500i,700,700i&display=swap","https://fonts.googleapis.com/css2?family=Montserrat:ital,wght@0,100;0,300;0,400;0,700;0,900;1,100;1,300;1,400;1,700;1,900&display=swap"]
LaPugliaInPiù	Web	https://www.lapugliainpiu.it/	2022-08-28 03:13:40.537030	1	["https://fonts.googleapis.com/css?family=Droid+Sans:400,700"]
Lega	Web	https://legaonline.it/	2022-08-28 03:13:57.482144	1	["https://fonts.googleapis.com/","https://fonts.googleapis.com/css?family=Barlow%3A400%2C700%2C600%2C500%2C400italic%2C300&ver=1660770807"]
Movimento5Stelle	Web	https://www.movimento5stelle.eu/	2022-08-28 03:14:15.759698	1	["https://fonts.googleapis.com/","https://fonts.googleapis.com/css?family=Heebo%3A300%7CDM+Serif+Display%3A400%7CRoboto%3A300%2C500%2C400%2C900%7CMontserrat%3A700&subset=latin&ver=5.7.2"]
MovimentoAnimalista	Web	https://movimentoanimalista.it/	2022-08-28 03:14:36.654189	1	["https://fonts.googleapis.com/","https://fonts.googleapis.com/css?family=Open+Sans%3A400%2C600%2C300%2C700&ver=1","https://fonts.googleapis.com/css?family=Montserrat%3A400%2C700&ver=1","https://fonts.googleapis.com/css?family=Raleway%3A300%2C400%2C500%2C700&ver=1","https://fonts.googleapis.com/css?family=Lato%3A300%2C400%2C700&ver=1","https://fonts.googleapis.com/css?family=Raleway%3A100%2C200%2C300%2Cregular%2C500%2C600%2C700%2C800%2C900&ver=5.0.16","https://fonts.googleapis.com/css?family=Raleway%3A100%2C200%2C300%2Cregular%2C500%2C600%2C700%2C800%2C900&ver=5.0.16","https://fonts.googleapis.com/css?family=Raleway%3A100%2C200%2C300%2Cregular%2C500%2C600%2C700%2C800%2C900&ver=5.0.16"]
MovimentoAssociativoItalianiAllEstero	Web	https://maiemondiale.com/	2022-08-28 03:14:57.447354	1	["https://fonts.googleapis.com/css?family=Roboto+Condensed:400,300italic,300,400italic,700&subset=latin,cyrillic-ext"]
MovimentoDelleLiberta	Web	https://movimentodelleliberta.eu/	2022-08-28 03:15:27.800869	1	["https://fonts.googleapis.com/css?family=Shanti%7CShanti%7CAmaranth%7CAmaranth%7CAmaranth%7CAmaranth%7CAmaranth%7CArimo%7CAmaranth%7CAmaranth%7CAmaranth&ver=6.0.1"]
MovimentoStellaAlpina	Web	https://www.stella-alpina.org/	2022-08-28 03:15:49.093724	1	["https://fonts.googleapis.com/","https://fonts.googleapis.com/css?family=Open+Sans:400,700"]
NoiConLItalia	Web	https://www.noiconlitalia.it/	2022-08-28 03:16:10.672575	1	["https://fonts.googleapis.com/","https://fonts.googleapis.com/css?family=Arimo:400,400i,700,700i&subset=latin,latin-ext","https://fonts.googleapis.com/css?family=Roboto%3A100%2C100italic%2C200%2C200italic%2C300%2C300italic%2C400%2C400italic%2C500%2C500italic%2C600%2C600italic%2C700%2C700italic%2C800%2C800italic%2C900%2C900italic%7CRoboto+Slab%3A100%2C100italic%2C200%2C200italic%2C300%2C300italic%2C400%2C400italic%2C500%2C500italic%2C600%2C600italic%2C700%2C700italic%2C800%2C800italic%2C900%2C900italic&display=auto&ver=6.0.1"]
NoiDiCentro	Web	https://noidicentro.org/	2022-08-28 03:16:30.947517	1	["url(https://fonts.gstatic.com/s/opensans/v34/memQYaGs126MiZpBA-UFUIcVXSCEkx2cmqvXlWq8tWZ0Pw86hd0Rk5hkWV4exg.woff)","url(https://fonts.gstatic.com/s/opensans/v34/memQYaGs126MiZpBA-UFUIcVXSCEkx2cmqvXlWq8tWZ0Pw86hd0Rk8ZkWV4exg.woff)","url(https://fonts.gstatic.com/s/opensans/v34/memQYaGs126MiZpBA-UFUIcVXSCEkx2cmqvXlWq8tWZ0Pw86hd0RkxhjWV4exg.woff)","url(https://fonts.gstatic.com/s/opensans/v34/memQYaGs126MiZpBA-UFUIcVXSCEkx2cmqvXlWq8tWZ0Pw86hd0RkyFjWV4exg.woff)","url(https://fonts.gstatic.com/s/opensans/v34/memQYaGs126MiZpBA-UFUIcVXSCEkx2cmqvXlWq8tWZ0Pw86hd0Rk0ZjWV4exg.woff)","url(https://fonts.gstatic.com/s/opensans/v34/memSYaGs126MiZpBA-UvWbX2vVnXBbObj2OVZyOOSr4dVJWUgsiH0B4uaVQ.woff)","url(https://fonts.gstatic.com/s/opensans/v34/memSYaGs126MiZpBA-UvWbX2vVnXBbObj2OVZyOOSr4dVJWUgsjZ0B4uaVQ.woff)","url(https://fonts.gstatic.com/s/opensans/v34/memSYaGs126MiZpBA-UvWbX2vVnXBbObj2OVZyOOSr4dVJWUgsgH1x4uaVQ.woff)","url(https://fonts.gstatic.com/s/opensans/v34/memSYaGs126MiZpBA-UvWbX2vVnXBbObj2OVZyOOSr4dVJWUgsg-1x4uaVQ.woff)","url(https://fonts.gstatic.com/s/opensans/v34/memSYaGs126MiZpBA-UvWbX2vVnXBbObj2OVZyOOSr4dVJWUgshZ1x4uaVQ.woff)","url(https://fonts.gstatic.com/s/opensans/v34/memQYaGs126MiZpBA-UFUIcVXSCEkx2cmqvXlWq8tWZ0Pw86hd0Rk5hkWV4ewA.woff2)","url(https://fonts.gstatic.com/s/opensans/v34/memQYaGs126MiZpBA-UFUIcVXSCEkx2cmqvXlWq8tWZ0Pw86hd0Rk8ZkWV4ewA.woff2)","url(https://fonts.gstatic.com/s/opensans/v34/memQYaGs126MiZpBA-UFUIcVXSCEkx2cmqvXlWq8tWZ0Pw86hd0RkxhjWV4ewA.woff2)","url(https://fonts.gstatic.com/s/opensans/v34/memQYaGs126MiZpBA-UFUIcVXSCEkx2cmqvXlWq8tWZ0Pw86hd0RkyFjWV4ewA.woff2)","url(https://fonts.gstatic.com/s/opensans/v34/memQYaGs126MiZpBA-UFUIcVXSCEkx2cmqvXlWq8tWZ0Pw86hd0Rk0ZjWV4ewA.woff2)","url(https://fonts.gstatic.com/s/opensans/v34/memSYaGs126MiZpBA-UvWbX2vVnXBbObj2OVZyOOSr4dVJWUgsiH0B4uaVI.woff2)","url(https://fonts.gstatic.com/s/opensans/v34/memSYaGs126MiZpBA-UvWbX2vVnXBbObj2OVZyOOSr4dVJWUgsjZ0B4uaVI.woff2)","url(https://fonts.gstatic.com/s/opensans/v34/memSYaGs126MiZpBA-UvWbX2vVnXBbObj2OVZyOOSr4dVJWUgsgH1x4uaVI.woff2)","url(https://fonts.gstatic.com/s/opensans/v34/memSYaGs126MiZpBA-UvWbX2vVnXBbObj2OVZyOOSr4dVJWUgsg-1x4uaVI.woff2)","url(https://fonts.gstatic.com/s/opensans/v34/memSYaGs126MiZpBA-UvWbX2vVnXBbObj2OVZyOOSr4dVJWUgshZ1x4uaVI.woff2)","url(https://fonts.gstatic.com/s/montserrat/v25/JTUFjIg1_i6t8kCHKm459Wx7xQYXK0vOoz6jq6R8WXZ0oA.woff)","url(https://fonts.gstatic.com/s/montserrat/v25/JTUFjIg1_i6t8kCHKm459Wx7xQYXK0vOoz6jqyR9WXZ0oA.woff)","url(https://fonts.gstatic.com/s/montserrat/v25/JTUFjIg1_i6t8kCHKm459Wx7xQYXK0vOoz6jq_p9WXZ0oA.woff)","url(https://fonts.gstatic.com/s/montserrat/v25/JTUFjIg1_i6t8kCHKm459Wx7xQYXK0vOoz6jq6R9WXZ0oA.woff)","url(https://fonts.gstatic.com/s/montserrat/v25/JTUFjIg1_i6t8kCHKm459Wx7xQYXK0vOoz6jq5Z9WXZ0oA.woff)","url(https://fonts.gstatic.com/s/montserrat/v25/JTUFjIg1_i6t8kCHKm459Wx7xQYXK0vOoz6jq3p6WXZ0oA.woff)","url(https://fonts.gstatic.com/s/montserrat/v25/JTUFjIg1_i6t8kCHKm459Wx7xQYXK0vOoz6jq0N6WXZ0oA.woff)","url(https://fonts.gstatic.com/s/montserrat/v25/JTUFjIg1_i6t8kCHKm459Wx7xQYXK0vOoz6jqyR6WXZ0oA.woff)","url(https://fonts.gstatic.com/s/montserrat/v25/JTUFjIg1_i6t8kCHKm459Wx7xQYXK0vOoz6jqw16WXZ0oA.woff)","url(https://fonts.gstatic.com/s/montserrat/v25/JTUHjIg1_i6t8kCHKm4532VJOt5-QNFgpCtr6Xw3aXw.woff)","url(https://fonts.gstatic.com/s/montserrat/v25/JTUHjIg1_i6t8kCHKm4532VJOt5-QNFgpCvr6Hw3aXw.woff)","url(https://fonts.gstatic.com/s/montserrat/v25/JTUHjIg1_i6t8kCHKm4532VJOt5-QNFgpCs16Hw3aXw.woff)","url(https://fonts.gstatic.com/s/montserrat/v25/JTUHjIg1_i6t8kCHKm4532VJOt5-QNFgpCtr6Hw3aXw.woff)","url(https://fonts.gstatic.com/s/montserrat/v25/JTUHjIg1_i6t8kCHKm4532VJOt5-QNFgpCtZ6Hw3aXw.woff)","url(https://fonts.gstatic.com/s/montserrat/v25/JTUHjIg1_i6t8kCHKm4532VJOt5-QNFgpCu173w3aXw.woff)","url(https://fonts.gstatic.com/s/montserrat/v25/JTUHjIg1_i6t8kCHKm4532VJOt5-QNFgpCuM73w3aXw.woff)","url(https://fonts.gstatic.com/s/montserrat/v25/JTUHjIg1_i6t8kCHKm4532VJOt5-QNFgpCvr73w3aXw.woff)","url(https://fonts.gstatic.com/s/montserrat/v25/JTUHjIg1_i6t8kCHKm4532VJOt5-QNFgpCvC73w3aXw.woff)","url(https://fonts.gstatic.com/s/montserrat/v25/JTUFjIg1_i6t8kCHKm459Wx7xQYXK0vOoz6jq6R8WXZ0pg.woff2)","url(https://fonts.gstatic.com/s/montserrat/v25/JTUFjIg1_i6t8kCHKm459Wx7xQYXK0vOoz6jqyR9WXZ0pg.woff2)","url(https://fonts.gstatic.com/s/montserrat/v25/JTUFjIg1_i6t8kCHKm459Wx7xQYXK0vOoz6jq_p9WXZ0pg.woff2)","url(https://fonts.gstatic.com/s/montserrat/v25/JTUFjIg1_i6t8kCHKm459Wx7xQYXK0vOoz6jq6R9WXZ0pg.woff2)","url(https://fonts.gstatic.com/s/montserrat/v25/JTUFjIg1_i6t8kCHKm459Wx7xQYXK0vOoz6jq5Z9WXZ0pg.woff2)","url(https://fonts.gstatic.com/s/montserrat/v25/JTUFjIg1_i6t8kCHKm459Wx7xQYXK0vOoz6jq3p6WXZ0pg.woff2)","url(https://fonts.gstatic.com/s/montserrat/v25/JTUFjIg1_i6t8kCHKm459Wx7xQYXK0vOoz6jq0N6WXZ0pg.woff2)","url(https://fonts.gstatic.com/s/montserrat/v25/JTUFjIg1_i6t8kCHKm459Wx7xQYXK0vOoz6jqyR6WXZ0pg.woff2)","url(https://fonts.gstatic.com/s/montserrat/v25/JTUFjIg1_i6t8kCHKm459Wx7xQYXK0vOoz6jqw16WXZ0pg.woff2)","url(https://fonts.gstatic.com/s/montserrat/v25/JTUHjIg1_i6t8kCHKm4532VJOt5-QNFgpCtr6Xw3aXo.woff2)","url(https://fonts.gstatic.com/s/montserrat/v25/JTUHjIg1_i6t8kCHKm4532VJOt5-QNFgpCvr6Hw3aXo.woff2)","url(https://fonts.gstatic.com/s/montserrat/v25/JTUHjIg1_i6t8kCHKm4532VJOt5-QNFgpCs16Hw3aXo.woff2)","url(https://fonts.gstatic.com/s/montserrat/v25/JTUHjIg1_i6t8kCHKm4532VJOt5-QNFgpCtr6Hw3aXo.woff2)","url(https://fonts.gstatic.com/s/montserrat/v25/JTUHjIg1_i6t8kCHKm4532VJOt5-QNFgpCtZ6Hw3aXo.woff2)","url(https://fonts.gstatic.com/s/montserrat/v25/JTUHjIg1_i6t8kCHKm4532VJOt5-QNFgpCu173w3aXo.woff2)","url(https://fonts.gstatic.com/s/montserrat/v25/JTUHjIg1_i6t8kCHKm4532VJOt5-QNFgpCuM73w3aXo.woff2)","url(https://fonts.gstatic.com/s/montserrat/v25/JTUHjIg1_i6t8kCHKm4532VJOt5-QNFgpCvr73w3aXo.woff2)","url(https://fonts.gstatic.com/s/montserrat/v25/JTUHjIg1_i6t8kCHKm4532VJOt5-QNFgpCvC73w3aXo.woff2)"]
NuovoPSI	Web	https://www.liberalsocialistinpsi.it/	2022-08-28 03:16:49.736349	1	["https://fonts.googleapis.com/","https://fonts.googleapis.com/css?family=Montserrat%3A400%2C500%2C700%2C800%7CWork%2BSans%3A300%2C400%2C500%2C600%2C700%2C800%2C900%26display%3Dswap&subset=latin%2Clatin-ext"]
PartitoComunistaDeiLavoratori	Web	https://www.pclavoratori.it/	2022-08-28 03:16:58.437019	1	
PartitoComunistaItaliano	Web	https://www.ilpartitocomunistaitaliano.it/	2022-08-28 03:17:16.973660	1	["https://fonts.googleapis.com/","https://fonts.googleapis.com/css?family=Oswald:400,700|Roboto:400,700"]
PartitoComunista	Web	https://ilpartitocomunista.it/	2022-08-28 03:17:37.583126	1	["https://fonts.googleapis.com/","https://fonts.googleapis.com/css?family=Open%20Sans:400%7CRoboto%20Slab:100,300,400,700&subset=latin&display=swap","https://fonts.googleapis.com/css?family=Open%20Sans:400%7CRoboto%20Slab:100,300,400,700&subset=latin&display=swap","https://fonts.googleapis.com/css?family=Roboto+Slab%3A100%2C300%2Cregular%2C700"]
PartitoDemocratico	Web	https://www.partitodemocratico.it/	2022-08-28 03:17:45.253909	1	["https://fonts.googleapis.com/css?family=Montserrat:400,700","https://fonts.googleapis.com/css?family=Noto+Serif:400,400italic,700,700italic"]
PartitoPensionati	Web	http://www.partitopensionati.it/	2022-08-28 03:18:07.617780	1	["url(//fonts.gstatic.com/s/ptsanscaption/v18/0FlMVP6Hrxmt7-fsUFhlFXNIlpcadw_xcy4.woff2)","url(//fonts.gstatic.com/s/ptsanscaption/v18/0FlMVP6Hrxmt7-fsUFhlFXNIlpcafg_xcy4.woff2)","url(//fonts.gstatic.com/s/ptsanscaption/v18/0FlMVP6Hrxmt7-fsUFhlFXNIlpcadA_xcy4.woff2)","url(//fonts.gstatic.com/s/ptsanscaption/v18/0FlMVP6Hrxmt7-fsUFhlFXNIlpcaeg_x.woff2)"]
PartitoPirata	Web	https://www.partito-pirata.it/	2022-08-28 03:18:20.971421	1	["https://fonts.googleapis.com/","https://fonts.googleapis.com/css?family=Open+Sans%3A300%2C400%2C400i%2C600%2C700%2C800%7CPoppins%3A300%2C400%2C400i%2C500%2C600%2C700%2C800%2C900&display=swap&ver=5.8.4","https://fonts.googleapis.com/css?family=Poppins%3A700%2C600%2Cregular%2C500%2C700i&ver=5.8.4"]
PartitoSardoDAzione	Web	http://www.psdaz.net/	2022-08-28 03:18:36.653311	1	["http://fonts.googleapis.com/css?family=Open+Sans"]
PartitoSocialistaItaliano	Web	https://www.partitosocialista.it/	2022-08-28 03:19:04.562050	1	["https://fonts.googleapis.com/","https://fonts.googleapis.com/css?family=Varela+Round%3Aregular%2Cregular%2Cregular%2Cregular%7CDancing+Script%3Aregular%2C400&display=swap&ver=3.9","https://fonts.googleapis.com/css?family=Varela+Round%3A100%2C100italic%2C200%2C200italic%2C300%2C300italic%2C400%2C400italic%2C500%2C500italic%2C600%2C600italic%2C700%2C700italic%2C800%2C800italic%2C900%2C900italic&display=auto&ver=6.0.1"]
PartitoUnioneCattolica	Web	https://partitounionecattolica.it/	2022-08-28 03:19:28.491580	1	["https://fonts.googleapis.com/","https://fonts.googleapis.com/css?family=Nunito+Sans%3A100%2C200%2C300%2C400%2C500%2C600%2C700%2C800%2C900%7CCabin%3A100%2C200%2C300%2C400%2C500%2C600%2C700%2C800%2C900","https://fonts.googleapis.com/css?family=Roboto%3A100%2C100italic%2C200%2C200italic%2C300%2C300italic%2C400%2C400italic%2C500%2C500italic%2C600%2C600italic%2C700%2C700italic%2C800%2C800italic%2C900%2C900italic%7CRoboto+Slab%3A100%2C100italic%2C200%2C200italic%2C300%2C300italic%2C400%2C400italic%2C500%2C500italic%2C600%2C600italic%2C700%2C700italic%2C800%2C800italic%2C900%2C900italic%7CCabin%3A100%2C100italic%2C200%2C200italic%2C300%2C300italic%2C400%2C400italic%2C500%2C500italic%2C600%2C600italic%2C700%2C700italic%2C800%2C800italic%2C900%2C900italic&display=auto&ver=6.0.1","https://fonts.googleapis.com/css?family=Cabin:700%2C600%7CRoboto:400%7CNunito+Sans:400&display=swap"]
PatriaECostituzione	Web	https://www.patriaecostituzione.it/home/	2022-08-28 03:19:49.201871	1	["https://fonts.googleapis.com/","https://fonts.googleapis.com/css?family=Domine%3A400%2C700%7CMontserrat%3A300%2C400%2C500%2C600%2C700&subset=latin%2Clatin-ext","https://fonts.googleapis.com/icon?family=Material+Icons"]
PotereAlPopolo	Web	https://poterealpopolo.org/	2022-08-28 03:19:58.497586	1	["https://fonts.googleapis.com/","https://fonts.googleapis.com/css?family=Oswald%3A400%2C300%7COpen+Sans%3A700%2C400%2C400i%7CRoboto%3A700%2C400&ver=6.0.1"]
PPA	Web	https://www.ppa-pensieroazione.com/	2022-08-28 03:20:16.811095	1	["https://fonts.googleapis.com/css?family=Inconsolata:700"]
R2020	Web	https://r2020.info/	2022-08-28 03:20:37.457472	1	["https://fonts.googleapis.com/","https://fonts.googleapis.com/css?family=Montserrat%3Aregular%7COswald%3A600&subset=latin&display=swap","https://fonts.googleapis.com/css?family=Roboto%3A100%2C100italic%2C200%2C200italic%2C300%2C300italic%2C400%2C400italic%2C500%2C500italic%2C600%2C600italic%2C700%2C700italic%2C800%2C800italic%2C900%2C900italic%7CRoboto+Slab%3A100%2C100italic%2C200%2C200italic%2C300%2C300italic%2C400%2C400italic%2C500%2C500italic%2C600%2C600italic%2C700%2C700italic%2C800%2C800italic%2C900%2C900italic%7CMontserrat%3A100%2C100italic%2C200%2C200italic%2C300%2C300italic%2C400%2C400italic%2C500%2C500italic%2C600%2C600italic%2C700%2C700italic%2C800%2C800italic%2C900%2C900italic%7COswald%3A100%2C100italic%2C200%2C200italic%2C300%2C300italic%2C400%2C400italic%2C500%2C500italic%2C600%2C600italic%2C700%2C700italic%2C800%2C800italic%2C900%2C900italic&display=auto&ver=5.8.4"]
ReferendumEDemocrazia	Web	https://listareferendumedemocrazia.it/	2022-08-28 03:20:56.511872	1	["https://fonts.googleapis.com/css?family=Barlow%3A100%2C100italic%2C200%2C200italic%2C300%2C300italic%2C400%2C400italic%2C500%2C500italic%2C600%2C600italic%2C700%2C700italic%2C800%2C800italic%2C900%2C900italic%7CBarlow+Condensed%3A100%2C100italic%2C200%2C200italic%2C300%2C300italic%2C400%2C400italic%2C500%2C500italic%2C600%2C600italic%2C700%2C700italic%2C800%2C800italic%2C900%2C900italic%7CMontserrat%3A100%2C100italic%2C200%2C200italic%2C300%2C300italic%2C400%2C400italic%2C500%2C500italic%2C600%2C600italic%2C700%2C700italic%2C800%2C800italic%2C900%2C900italic&display=auto&ver=6.0.1"]
Rifondazione	Web	http://www.rifondazione.it/	2022-08-28 03:21:12.179017	1	["http://fonts.googleapis.com/css?family=Droid+Sans:regular,bold","https://fonts.googleapis.com/css2?family=Montserrat&display=swap"]
Rinascimento	Web	https://www.rinascimentosgarbi.org/	2022-08-28 03:21:23.716772	1	
SinistraItaliana	Web	https://www.sinistraitaliana.si/	2022-08-28 03:21:42.020526	1	["https://fonts.googleapis.com/css?family=Work+Sans:300,400,600,700,900","https://fonts.googleapis.com/css?family=PT+Serif:400,400italic,700,700italic"]
SudChiamaNord	Web	https://www.sud-chiamanord.it/	2022-08-28 03:22:07.333457	1	["https://fonts.googleapis.com/","https://fonts.googleapis.com/css2?family=Roboto%3Awght%40300%3B400%3B500%3B700&display=swap&ver=6.0.1","https://fonts.googleapis.com/css?family=Roboto%3A100%2C100i%2C300%2C300i%2C400%2C400i%2C500%2C500i%2C700%2C700i%2C900%2C900i%7CInter%3A400%2Cmedium%2Csemi-bold%2Cbold%7COpen+Sans%3A300%2C300i%2C400%2C400i%2C600%2C600i%2C700%2C700i%2C800%2C800i&ver=2.6.2","https://fonts.googleapis.com/css?family=Roboto%3A100%2C100italic%2C200%2C200italic%2C300%2C300italic%2C400%2C400italic%2C500%2C500italic%2C600%2C600italic%2C700%2C700italic%2C800%2C800italic%2C900%2C900italic%7CRoboto+Slab%3A100%2C100italic%2C200%2C200italic%2C300%2C300italic%2C400%2C400italic%2C500%2C500italic%2C600%2C600italic%2C700%2C700italic%2C800%2C800italic%2C900%2C900italic%7CPoppins%3A100%2C100italic%2C200%2C200italic%2C300%2C300italic%2C400%2C400italic%2C500%2C500italic%2C600%2C600italic%2C700%2C700italic%2C800%2C800italic%2C900%2C900italic%7COpen+Sans%3A100%2C100italic%2C200%2C200italic%2C300%2C300italic%2C400%2C400italic%2C500%2C500italic%2C600%2C600italic%2C700%2C700italic%2C800%2C800italic%2C900%2C900italic&display=auto&ver=6.0.1"]
SudtirolerVolkspartei	Web	https://www.svp.eu/	2022-08-28 03:22:25.561335	1	["url(\"https://fonts.googleapis.com/css?family=Open+Sans:400,600,700,800\")"]
UnioneDiCentro	Web	https://www.udc-italia.it/	2022-08-28 03:22:38.115900	1	["url('//fonts.googleapis.com/css?family=Montserrat|Acme')"]
UnionePopolare	Web	https://unionepopolare.blog/	2022-08-28 03:22:54.045442	1	["https://fonts.googleapis.com/css?family=Spartan%3A100%2C100italic%2C200%2C200italic%2C300%2C300italic%2C400%2C400italic%2C500%2C500italic%2C600%2C600italic%2C700%2C700italic%2C800%2C800italic%2C900%2C900italic&display=auto&ver=6.0.1"]
UnioneSudamericanaEmigratiItaliani	Web	https://www.usei-it.org/it/	2022-08-28 03:23:12.913883	1	["https://fonts.googleapis.com/","https://fonts.googleapis.com/css?family=Roboto:400,500,600,700|Raleway:400,500,600,700","https://fonts.googleapis.com/css?family=Raleway:regular,600","https://fonts.googleapis.com/css?display=swap&family=Roboto%3A300%2C400"]
UnionValdotaine	Web	https://www.unionvaldotaine.org/	2022-08-28 03:23:32.591126	1	["url(https://fonts.googleapis.com/css2?family=Libre+Baskerville:wght@400;700&family=Montserrat:ital,wght@0,400;0,600;0,700;0,800;1,400&display=swap)"]
VerdeEPopolare	Web	https://www.verdeepopolare.it/	2022-08-28 03:23:53.506681	1	["https://fonts.googleapis.com/","https://fonts.googleapis.com/css?family=Open+Sans%3A300%2C400%2C500%2C600%2C700%2C800%2C300italic%2C400italic%2C500italic%2C600italic%2C700italic%2C800italic%7CRoboto+Slab%3A100%2C200%2C300%2C400%2C500%2C600%2C700%2C800%2C900&subset=latin&ver=1657966223","https://fonts.googleapis.com/css?family=Rubik","https://fonts.googleapis.com/css?family=Poppins:700%2C400%2C600%7CRoboto:400&display=swap"]
VerdiESinistra	Web	https://verdisinistra.it	2022-08-28 03:24:11.922241	1	["https://fonts.googleapis.com/","https://fonts.googleapis.com/css?family=Rubik%3Aregular%2Cregular%2Cregular%2C700%7CDancing+Script%3Aregular%2C400&display=swap&ver=3.9","https://fonts.googleapis.com/css?family=Roboto%3A100%2C100italic%2C200%2C200italic%2C300%2C300italic%2C400%2C400italic%2C500%2C500italic%2C600%2C600italic%2C700%2C700italic%2C800%2C800italic%2C900%2C900italic%7CRoboto+Slab%3A100%2C100italic%2C200%2C200italic%2C300%2C300italic%2C400%2C400italic%2C500%2C500italic%2C600%2C600italic%2C700%2C700italic%2C800%2C800italic%2C900%2C900italic%7CHeebo%3A100%2C100italic%2C200%2C200italic%2C300%2C300italic%2C400%2C400italic%2C500%2C500italic%2C600%2C600italic%2C700%2C700italic%2C800%2C800italic%2C900%2C900italic%7CPoppins%3A100%2C100italic%2C200%2C200italic%2C300%2C300italic%2C400%2C400italic%2C500%2C500italic%2C600%2C600italic%2C700%2C700italic%2C800%2C800italic%2C900%2C900italic&display=auto&ver=6.0.1"]
Vita	Web	https://www.votalavita.it/	2022-08-28 03:24:30.800762	1	
